entity,code,year,co2_total_t,co2_per_capita_t,gdp_constant_usd,co2_total_mt,gdp_billion_usd
Austria,AUT,2005,79095480.0,9.611559,337250591306.0,79.09548,337.250591306
Austria,AUT,2006,76796200.0,9.28623,348276446349.0,76.7962,348.276446349
Austria,AUT,2007,74092160.0,8.93005,361424664731.0,74.09216,361.424664731
Austria,AUT,2008,73466480.0,8.826658,366677269701.0,73.46648,366.677269701
Austria,AUT,2009,67301760.0,8.06485,353527252121.0,67.30176,353.527252121
Austria,AUT,2010,72000250.0,8.607232,359922497999.0,72.00025,359.922497999
Austria,AUT,2011,69891710.0,8.327111,370459113959.0,69.89171,370.459113959
Austria,AUT,2012,67260344.0,7.977175,372786509411.0,67.260344,372.786509411
Austria,AUT,2013,67758860.0,7.989103,371851835129.0,67.75886,371.851835129
Austria,AUT,2014,64158736.0,7.5058665,374662287024.0,64.158736,374.662287024
Austria,AUT,2015,66357780.0,7.6767116,379546097300.0,66.35778,379.5460973
Austria,AUT,2016,67218740.0,7.692762,387581921834.0,67.21874,387.581921834
Austria,AUT,2017,69601480.0,7.9103565,396388751744.0,69.60148,396.388751744
Austria,AUT,2018,66566510.0,7.5287404,406235924915.0,66.56651,406.235924915
Austria,AUT,2019,67951230.0,7.651411,413365268699.0,67.95123,413.365268699
Austria,AUT,2020,62179828.0,6.969737,387247796560.0,62.179828,387.24779656
Austria,AUT,2021,65751344.0,7.3325477,406312360757.0,65.751344,406.312360757
Austria,AUT,2022,61454140.0,6.779517,427972725600.0,61.45414,427.9727256
Austria,AUT,2023,56908956.0,6.2328863,424607814488.0,56.908956,424.607814488
Austria,AUT,2024,56367656.0,6.180112,421809268656.0,56.367656,421.809268656
Belgium,BEL,2005,125657690.0,11.991515,404948883847.0,125.65769,404.948883847
Belgium,BEL,2006,123900460.0,11.7458515,415284559725.0,123.90046,415.284559725
Belgium,BEL,2007,120493400.0,11.3400345,430554259966.0,120.4934,430.554259966
Belgium,BEL,2008,120204350.0,11.2238655,432478429044.0,120.20435,432.478429044
Belgium,BEL,2009,107806790.0,9.970168,424233482718.0,107.80679,424.233482718
Belgium,BEL,2010,114562660.0,10.475143,435731531598.0,114.56266,435.731531598
Belgium,BEL,2011,105158970.0,9.526456,444146182962.0,105.15897,444.146182962
Belgium,BEL,2012,102486240.0,9.226742,445104666468.0,102.48624,445.104666468
Belgium,BEL,2013,102815960.0,9.212671,446464436962.0,102.81596,446.464436962
Belgium,BEL,2014,97080950.0,8.660123,454346946885.0,97.08095,454.346946885
Belgium,BEL,2015,101327496.0,8.986653,461044767544.0,101.327496,461.044767544
Belgium,BEL,2016,99816290.0,8.807806,466547349432.0,99.81629,466.547349432
Belgium,BEL,2017,99282190.0,8.726891,473426439010.0,99.28219,473.42643901
Belgium,BEL,2018,100256370.0,8.772404,482317238282.0,100.25637,482.317238282
Belgium,BEL,2019,99798730.0,8.685232,494099718080.0,99.79873,494.09971808
Belgium,BEL,2020,91254550.0,7.9076037,470417598101.0,91.25455,470.417598101
Belgium,BEL,2021,94928070.0,8.204076,499839663858.0,94.92807,499.839663858
Belgium,BEL,2022,88914970.0,7.6375527,519956253598.0,88.91497,519.956253598
Belgium,BEL,2023,84703360.0,7.2316356,528074098661.0,84.70336,528.074098661
Belgium,BEL,2024,85456200.0,7.2798314,533871052348.0,85.4562,533.871052348
Bulgaria,BGR,2005,50600356.0,6.5757046,40068719166.0,50.600356,40.068719166
Bulgaria,BGR,2006,51837492.0,6.784753,42794430901.0,51.837492,42.794430901
Bulgaria,BGR,2007,55669220.0,7.3375487,45642137145.0,55.66922,45.642137145
Bulgaria,BGR,2008,54025910.0,7.1694345,48439798806.0,54.02591,48.439798806
Bulgaria,BGR,2009,45750250.0,6.1097956,46818449430.0,45.75025,46.81844943
Bulgaria,BGR,2010,47815700.0,6.4289203,47546646111.0,47.8157,47.546646111
Bulgaria,BGR,2011,53120460.0,7.1978717,48540454689.0,53.12046,48.540454689
Bulgaria,BGR,2012,48276560.0,6.5978446,48903932680.0,48.27656,48.90393268
Bulgaria,BGR,2013,42582988.0,5.861707,48638504922.0,42.582988,48.638504922
Bulgaria,BGR,2014,45169064.0,6.253115,49100303096.0,45.169064,49.100303096
Bulgaria,BGR,2015,48127124.0,6.7052627,50768512172.0,48.127124,50.768512172
Bulgaria,BGR,2016,45343750.0,6.3618603,52305086279.0,45.34375,52.305086279
Bulgaria,BGR,2017,47445844.0,6.705518,53741345963.0,47.445844,53.741345963
Bulgaria,BGR,2018,43503330.0,6.192869,54993600227.0,43.50333,54.993600227
Bulgaria,BGR,2019,42194980.0,6.0490556,57079683269.0,42.19498,57.079683269
Bulgaria,BGR,2020,36571028.0,5.274422,55291242409.0,36.571028,55.291242409
Bulgaria,BGR,2021,42365030.0,6.1601954,59619536577.0,42.36503,59.619536577
Bulgaria,BGR,2022,46931790.0,6.8755846,62054317357.0,46.93179,62.054317357
Bulgaria,BGR,2023,34500948.0,5.076801,63097767380.0,34.500948,63.09776738
Bulgaria,BGR,2024,31621824.0,4.6793866,65234945309.0,31.621824,65.234945309
Cyprus,CYP,2005,7951671.0,7.6742024,18929780754.0,7.951671,18.929780754
Cyprus,CYP,2006,8183131.0,7.7607594,19822089652.0,8.183131,19.822089652
Cyprus,CYP,2007,8475067.0,7.9004884,20832664609.0,8.475067,20.832664609
Cyprus,CYP,2008,8691636.0,7.9664574,21592429642.0,8.691636,21.592429642
Cyprus,CYP,2009,8437988.0,7.60606,21157324471.0,8.437988,21.157324471
Cyprus,CYP,2010,8071821.0,7.156974,21640276581.0,8.071821,21.640276581
Cyprus,CYP,2011,7792363.0,6.7966948,21730454182.0,7.792363,21.730454182
Cyprus,CYP,2012,7261668.0,6.231036,20981322522.0,7.261668,20.981322522
Cyprus,CYP,2013,6578171.0,5.5563617,19599182619.0,6.578171,19.599182619
Cyprus,CYP,2014,6929789.0,5.766146,19251089636.0,6.929789,19.251089636
Cyprus,CYP,2015,6952477.0,5.7010694,19909269064.0,6.952477,19.909269064
Cyprus,CYP,2016,7349926.0,5.9411874,21218022946.0,7.349926,21.218022946
Cyprus,CYP,2017,7469282.0,5.955064,22438235877.0,7.469282,22.438235877
Cyprus,CYP,2018,7324203.0,5.763717,23845486549.0,7.324203,23.845486549
Cyprus,CYP,2019,7324482.0,5.692592,25246550963.0,7.324482,25.246550963
Cyprus,CYP,2020,6903173.0,5.300958,24433452922.0,6.903173,24.433452922
Cyprus,CYP,2021,6950782.0,5.2764926,27218270154.0,6.950782,27.218270154
Cyprus,CYP,2022,7070778.0,5.3108797,29596751443.0,7.070778,29.596751443
Cyprus,CYP,2023,7188089.0,5.3443794,30668288120.0,7.188089,30.66828812
Cyprus,CYP,2024,7299328.0,5.373922,31876854617.0,7.299328,31.876854617
Czechia,CZE,2005,125713460.0,12.228751,154676655549.0,125.71346,154.676655549
Czechia,CZE,2006,126532560.0,12.279241,164921158024.0,126.53256,164.921158024
Czechia,CZE,2007,128363630.0,12.417233,173973393346.0,128.36363,173.973393346
Czechia,CZE,2008,122927730.0,11.84469,178518044754.0,122.92773,178.518044754
Czechia,CZE,2009,114972080.0,11.032746,169952170270.0,114.97208,169.95217027
Czechia,CZE,2010,117464090.0,11.225506,174565802522.0,117.46409,174.565802522
Czechia,CZE,2011,115178136.0,10.974041,177659773382.0,115.178136,177.659773382
Czechia,CZE,2012,111275540.0,10.590268,176290606021.0,111.27554,176.290606021
Czechia,CZE,2013,106710090.0,10.152071,176216894659.0,106.71009,176.216894659
Czechia,CZE,2014,104232570.0,9.910655,180173337874.0,104.23257,180.173337874
Czechia,CZE,2015,104989704.0,9.975821,189107698561.0,104.989704,189.107698561
Czechia,CZE,2016,106636424.0,10.125045,193988322685.0,106.636424,193.988322685
Czechia,CZE,2017,107735540.0,10.220285,204024435232.0,107.73554,204.024435232
Czechia,CZE,2018,106322056.0,10.0789385,209798950825.0,106.322056,209.798950825
Czechia,CZE,2019,100997496.0,9.568804,217279912681.0,100.997496,217.279912681
Czechia,CZE,2020,91661460.0,8.688184,205753475017.0,91.66146,205.753475017
Czechia,CZE,2021,96629410.0,9.175987,214043320221.0,96.62941,214.043320221
Czechia,CZE,2022,95039670.0,8.904502,220137498830.0,95.03967,220.13749883
Czechia,CZE,2023,83232250.0,7.6997585,220242240981.0,83.23225,220.242240981
Czechia,CZE,2024,75623000.0,7.043965,222998156286.0,75.623,222.998156286
Germany,DEU,2005,867880500.0,10.57788,2970886268370.0,867.8805,2970.88626837
Germany,DEU,2006,886434300.0,10.849607,3085761005285.0,886.4343,3085.761005285
Germany,DEU,2007,846152960.0,10.407971,3174912263837.0,846.15296,3174.912263837
Germany,DEU,2008,856642500.0,10.561389,3203102383827.0,856.6425,3203.102383827
Germany,DEU,2009,789983940.0,9.760688,3025504625850.0,789.98394,3025.50462585
Germany,DEU,2010,826704700.0,10.22758,3150598283304.0,826.7047,3150.598283304
Germany,DEU,2011,804541600.0,9.95007,3268996785218.0,804.5416,3268.996785218
Germany,DEU,2012,814093000.0,10.060916,3284148978797.0,814.093,3284.148978797
Germany,DEU,2013,831745540.0,10.263195,3297186905208.0,831.74554,3297.186905208
Germany,DEU,2014,792583600.0,9.739761,3369071713224.0,792.5836,3369.071713224
Germany,DEU,2015,800822500.0,9.756902,3425099578746.0,800.8225,3425.099578746
Germany,DEU,2016,797988300.0,9.642186,3501212900675.0,797.9883,3501.212900675
Germany,DEU,2017,784595140.0,9.441122,3599173571724.0,784.59514,3599.173571724
Germany,DEU,2018,758771400.0,9.101415,3640049243667.0,758.7714,3640.049243667
Germany,DEU,2019,708648960.0,8.480803,3675639268112.0,708.64896,3675.639268112
Germany,DEU,2020,647176800.0,7.738692,3523764998709.0,647.1768,3523.764998709
Germany,DEU,2021,677997700.0,8.100614,3661544208117.0,677.9977,3661.544208117
Germany,DEU,2022,667843000.0,7.942359,3727790994177.0,667.843,3727.790994177
Germany,DEU,2023,593766000.0,7.022808,3695372350062.0,593.766,3695.372350062
Germany,DEU,2024,572319170.0,6.7688236,3677048776153.0,572.31917,3677.048776153
Denmark,DNK,2005,51534924.0,9.509078,281892753289.0,51.534924,281.892753289
Denmark,DNK,2006,59500240.0,10.942724,292651155542.0,59.50024,292.651155542
Denmark,DNK,2007,54709350.0,10.017085,295540131122.0,54.70935,295.540131122
Denmark,DNK,2008,51256330.0,9.329914,294307201413.0,51.25633,294.307201413
Denmark,DNK,2009,48851416.0,8.844816,279666951317.0,48.851416,279.666951317
Denmark,DNK,2010,49189692.0,8.866418,284093791186.0,49.189692,284.093791186
Denmark,DNK,2011,44236864.0,7.9407773,287817703286.0,44.236864,287.817703286
Denmark,DNK,2012,39861260.0,7.128379,287802068160.0,39.86126,287.80206816
Denmark,DNK,2013,41763010.0,7.4373164,291810211099.0,41.76301,291.810211099
Denmark,DNK,2014,37571384.0,6.6571136,295539545106.0,37.571384,295.539545106
Denmark,DNK,2015,35110572.0,6.177417,301758922337.0,35.110572,301.758922337
Denmark,DNK,2016,36916560.0,6.44471,311032111297.0,36.91656,311.032111297
Denmark,DNK,2017,34664620.0,6.0127726,320538736986.0,34.66462,320.538736986
Denmark,DNK,2018,34608956.0,5.973422,326500781502.0,34.608956,326.500781502
Denmark,DNK,2019,30950284.0,5.3228407,332088518944.0,30.950284,332.088518944
Denmark,DNK,2020,28299676.0,4.8528743,326176991232.0,28.299676,326.176991232
Denmark,DNK,2021,29603524.0,5.0545783,347379325644.0,29.603524,347.379325644
Denmark,DNK,2022,29094320.0,4.9288173,348921108389.0,29.09432,348.921108389
Denmark,DNK,2023,28831184.0,4.8470974,351030642723.0,28.831184,351.030642723
Denmark,DNK,2024,28369162.0,4.746057,363238912546.0,28.369162,363.238912546
Spain,ESP,2005,367447070.0,8.358881,1147835587310.0,367.44707,1147.83558731
Spain,ESP,2006,358869470.0,8.029218,1194247574981.0,358.86947,1194.247574981
Spain,ESP,2007,366468500.0,8.051333,1236446314615.0,366.4685,1236.446314615
Spain,ESP,2008,335284450.0,7.2517366,1245931907237.0,335.28445,1245.931907237
Spain,ESP,2009,296159330.0,6.350556,1198983535018.0,296.15933,1198.983535018
Spain,ESP,2010,282585100.0,6.032926,1200112046037.0,282.5851,1200.112046037
Spain,ESP,2011,283275040.0,6.02738,1192432281393.0,283.27504,1192.432281393
Spain,ESP,2012,277432160.0,5.9005117,1158267740898.0,277.43216,1158.267740898
Spain,ESP,2013,252109170.0,5.3800054,1141735527746.0,252.10917,1141.735527746
Spain,ESP,2014,253657840.0,5.4292984,1159095455877.0,253.65784,1159.095455877
Spain,ESP,2015,270248030.0,5.7889185,1206164777553.0,270.24803,1206.164777553
Spain,ESP,2016,259554690.0,5.554019,1241326362266.0,259.55469,1241.326362266
Spain,ESP,2017,273483870.0,5.83512,1277275696051.0,273.48387,1277.275696051
Spain,ESP,2018,268520600.0,5.701944,1307871701701.0,268.5206,1307.871701701
Spain,ESP,2019,250673650.0,5.284558,1333521400432.0,250.67365,1333.521400432
Spain,ESP,2020,211764740.0,4.441423,1187633217292.0,211.76474,1187.633217292
Spain,ESP,2021,228805710.0,4.793181,1267004457826.0,228.80571,1267.004457826
Spain,ESP,2022,234223470.0,4.8971643,1347716659731.0,234.22347,1347.716659731
Spain,ESP,2023,215460750.0,4.4970493,1380882052539.0,215.46075,1380.882052539
Spain,ESP,2024,220341280.0,4.599015,1428595035672.0,220.34128,1428.595035672
Estonia,EST,2005,17089780.0,12.613808,19920094036.0,17.08978,19.920094036
Estonia,EST,2006,16438181.0,12.204592,21864807422.0,16.438181,21.864807422
Estonia,EST,2007,19930490.0,14.865635,23520174236.0,19.93049,23.520174236
Estonia,EST,2008,17814804.0,13.323684,22314692031.0,17.814804,22.314692031
Estonia,EST,2009,14404987.0,10.794068,19050002927.0,14.404987,19.050002927
Estonia,EST,2010,18964736.0,14.243671,19516680413.0,18.964736,19.516680413
Estonia,EST,2011,18948026.0,14.274907,21001309333.0,18.948026,21.001309333
Estonia,EST,2012,17761414.0,13.429013,21772481344.0,17.761414,21.772481344
Estonia,EST,2013,19633820.0,14.897581,22154913628.0,19.63382,22.154913628
Estonia,EST,2014,18783952.0,14.290275,22891074856.0,18.783952,22.891074856
Estonia,EST,2015,15779627.0,12.003551,23311847750.0,15.779627,23.31184775
Estonia,EST,2016,17432910.0,13.248403,24032887679.0,17.43291,24.032887679
Estonia,EST,2017,18616038.0,14.13057,25387062190.0,18.616038,25.38706219
Estonia,EST,2018,17800688.0,13.465254,26326306710.0,17.800688,26.32630671
Estonia,EST,2019,12288094.0,9.261298,27307395871.0,12.288094,27.307395871
Estonia,EST,2020,9198245.0,6.917664,26519903136.0,9.198245,26.519903136
Estonia,EST,2021,10390915.0,7.8024516,28709089435.0,10.390915,28.709089435
Estonia,EST,2022,11966227.0,8.863261,28357067289.0,11.966227,28.357067289
Estonia,EST,2023,8744257.0,6.3957644,27578887219.0,8.744257,27.578887219
Estonia,EST,2024,8306777.0,6.105464,27554054399.0,8.306777,27.554054399
Finland,FIN,2005,57064000.0,10.87746,223113056548.0,57.064,223.113056548
Finland,FIN,2006,68374000.0,12.983438,232081249320.0,68.374,232.08124932
Finland,FIN,2007,66764000.0,12.62386,244411266035.0,66.764,244.411266035
Finland,FIN,2008,58625000.0,11.033468,246328504349.0,58.625,246.328504349
Finland,FIN,2009,55921000.0,10.474345,226434937568.0,55.921,226.434937568
Finland,FIN,2010,64092004.0,11.950002,233609048324.0,64.092004,233.609048324
Finland,FIN,2011,56646000.0,10.512902,239193226293.0,56.646,239.193226293
Finland,FIN,2012,51154000.0,9.448505,235550695854.0,51.154,235.550695854
Finland,FIN,2013,51719000.0,9.508818,233242909052.0,51.719,233.242909052
Finland,FIN,2014,47622000.0,8.719286,232127848351.0,47.622,232.127848351
Finland,FIN,2015,44192000.0,8.064647,233210733506.0,44.192,233.210733506
Finland,FIN,2016,47252000.0,8.598358,239208760000.0,47.252,239.20876
Finland,FIN,2017,44657000.0,8.107076,247110710501.0,44.657,247.110710501
Finland,FIN,2018,45736000.0,8.291922,250058685918.0,45.736,250.058685918
Finland,FIN,2019,42444000.0,7.686688,253433824168.0,42.444,253.433824168
Finland,FIN,2020,37720000.0,6.82145,247120696232.0,37.72,247.120696232
Finland,FIN,2021,37820000.0,6.825398,253734502126.0,37.82,253.734502126
Finland,FIN,2022,36337000.0,6.5245185,255670602724.0,36.337,255.670602724
Finland,FIN,2023,31799000.0,5.6771917,252373129874.0,31.799,252.373129874
Finland,FIN,2024,29775000.0,5.300579,253318435246.0,29.775,253.318435246
France,FRA,2005,416342900.0,6.756068,2207920477337.0,416.3429,2207.920477337
France,FRA,2006,406669020.0,6.5539103,2267844862926.0,406.66902,2267.844862926
France,FRA,2007,396461200.0,6.3502436,2325232266328.0,396.4612,2325.232266328
France,FRA,2008,389794300.0,6.2088747,2334072135222.0,389.7943,2334.072135222
France,FRA,2009,371404200.0,5.8853593,2268145064848.0,371.4042,2268.145064848
France,FRA,2010,377079400.0,5.945996,2313515332182.0,377.0794,2313.515332182
France,FRA,2011,355126820.0,5.572035,2369909039106.0,355.12682,2369.909039106
France,FRA,2012,358100260.0,5.59021,2374265767668.0,358.10026,2374.265767668
France,FRA,2013,360013340.0,5.591334,2392826743357.0,360.01334,2392.826743357
France,FRA,2014,327808770.0,5.067184,2416703156974.0,327.80877,2416.703156974
France,FRA,2015,332131000.0,5.116293,2442483452642.0,332.131,2442.483452642
France,FRA,2016,335496400.0,5.1545954,2463489569347.0,335.4964,2463.489569347
France,FRA,2017,338368030.0,5.182955,2514819204088.0,338.36803,2514.819204088
France,FRA,2018,323101730.0,4.93138,2556210832760.0,323.10173,2556.21083276
France,FRA,2019,316320800.0,4.812466,2608036638906.0,316.3208,2608.036638906
France,FRA,2020,281515500.0,4.271517,2413981867676.0,281.5155,2413.981867676
France,FRA,2021,307271840.0,4.649748,2580120255051.0,307.27184,2580.120255051
France,FRA,2022,295303800.0,4.4555726,2650215998256.0,295.3038,2650.215998256
France,FRA,2023,270262660.0,4.067842,2688358302961.0,270.26266,2688.358302961
France,FRA,2024,264155620.0,3.969368,2720362347819.0,264.15562,2720.362347819
Greece,GRC,2005,113888810.0,10.371121,240408216059.0,113.88881,240.408216059
Greece,GRC,2006,112419370.0,10.205,255898673342.0,112.41937,255.898673342
Greece,GRC,2007,114545450.0,10.370105,264872706550.0,114.54545,264.87270655
Greece,GRC,2008,111080040.0,10.028104,265024939553.0,111.08004,265.024939553
Greece,GRC,2009,104319480.0,9.391326,254107830646.0,104.31948,254.107830646
Greece,GRC,2010,97354140.0,8.751197,239639588360.0,97.35414,239.63958836
Greece,GRC,2011,94505224.0,8.507211,215970916413.0,94.505224,215.970916413
Greece,GRC,2012,91392590.0,8.272102,197978089510.0,91.39259,197.97808951
Greece,GRC,2013,81713256.0,7.4504676,193479795684.0,81.713256,193.479795684
Greece,GRC,2014,78635700.0,7.218808,195012591113.0,78.6357,195.012591113
Greece,GRC,2015,74926664.0,6.924253,194567373678.0,74.926664,194.567373678
Greece,GRC,2016,71359610.0,6.6223903,194505511433.0,71.35961,194.505511433
Greece,GRC,2017,74841750.0,6.959737,197370820217.0,74.84175,197.370820217
Greece,GRC,2018,71778090.0,6.6889496,201445880434.0,71.77809,201.445880434
Greece,GRC,2019,65736330.0,6.132932,206033167050.0,65.73633,206.03316705
Greece,GRC,2020,55576930.0,5.1944113,187085880047.0,55.57693,187.085880047
Greece,GRC,2021,57527910.0,5.4376464,203277223532.0,57.52791,203.277223532
Greece,GRC,2022,57609050.0,5.532692,214502162962.0,57.60905,214.502162962
Greece,GRC,2023,51988224.0,5.0755324,219083738943.0,51.988224,219.083738943
Greece,GRC,2024,53360840.0,5.310692,223655084018.0,53.36084,223.655084018
Croatia,HRV,2005,23295552.0,5.4000564,49665562073.0,23.295552,49.665562073
Croatia,HRV,2006,23496198.0,5.4442253,52183539129.0,23.496198,52.183539129
Croatia,HRV,2007,24801760.0,5.7465234,54818202926.0,24.80176,54.818202926
Croatia,HRV,2008,23515656.0,5.4502077,55899090638.0,23.515656,55.899090638
Croatia,HRV,2009,21752318.0,5.046313,52091418017.0,21.752318,52.091418017
Croatia,HRV,2010,20978134.0,4.8773313,51395391839.0,20.978134,51.395391839
Croatia,HRV,2011,20614658.0,4.8155785,51338072036.0,20.614658,51.338072036
Croatia,HRV,2012,19050020.0,4.472641,50189628842.0,19.05002,50.189628842
Croatia,HRV,2013,18401342.0,4.337481,50123096928.0,18.401342,50.123096928
Croatia,HRV,2014,17649938.0,4.18296,49842639321.0,17.649938,49.842639321
Croatia,HRV,2015,17793892.0,4.2531147,50999271058.0,17.793892,50.999271058
Croatia,HRV,2016,18079278.0,4.370736,52766972837.0,18.079278,52.766972837
Croatia,HRV,2017,18713126.0,4.5874524,54499873306.0,18.713126,54.499873306
Croatia,HRV,2018,17694512.0,4.396296,56086403565.0,17.694512,56.086403565
Croatia,HRV,2019,17820422.0,4.470374,57826469010.0,17.820422,57.82646901
Croatia,HRV,2020,16870106.0,4.2666397,53020817678.0,16.870106,53.020817678
Croatia,HRV,2021,17402972.0,4.4343224,59718022506.0,17.402972,59.718022506
Croatia,HRV,2022,17585164.0,4.500902,64074327526.0,17.585164,64.074327526
Croatia,HRV,2023,18467598.0,4.740115,66484829951.0,18.467598,66.484829951
Croatia,HRV,2024,18464850.0,4.764723,69028396205.0,18.46485,69.028396205
Hungary,HUN,2005,60142084.0,5.9749513,113708806061.0,60.142084,113.708806061
Hungary,HUN,2006,59528564.0,5.923272,118182032745.0,59.528564,118.182032745
Hungary,HUN,2007,58448584.0,5.8250046,118574815857.0,58.448584,118.574815857
Hungary,HUN,2008,57184428.0,5.7089357,119752782052.0,57.184428,119.752782052
Hungary,HUN,2009,51457530.0,5.1450424,111681245651.0,51.45753,111.681245651
Hungary,HUN,2010,51992716.0,5.2101464,112873946275.0,51.992716,112.873946275
Hungary,HUN,2011,50156010.0,5.04249,115037411549.0,50.15601,115.037411549
Hungary,HUN,2012,46720180.0,4.7113004,113496503293.0,46.72018,113.496503293
Hungary,HUN,2013,43486532.0,4.397312,115802945078.0,43.486532,115.802945078
Hungary,HUN,2014,43638876.0,4.424574,120822254244.0,43.638876,120.822254244
Hungary,HUN,2015,46566910.0,4.732789,125244126623.0,46.56691,125.244126623
Hungary,HUN,2016,47039120.0,4.794759,128298381762.0,47.03912,128.298381762
Hungary,HUN,2017,49423524.0,5.050634,133589642960.0,49.423524,133.58964296
Hungary,HUN,2018,49366230.0,5.0505667,141078862882.0,49.36623,141.078862882
Hungary,HUN,2019,49158950.0,5.0314445,148241697677.0,49.15895,148.241697677
Hungary,HUN,2020,47105320.0,4.831583,141809897486.0,47.10532,141.809897486
Hungary,HUN,2021,48326284.0,4.9780636,152052706989.0,48.326284,152.052706989
Hungary,HUN,2022,45267340.0,4.674298,158366514062.0,45.26734,158.366514062
Hungary,HUN,2023,40343864.0,4.164973,157072489603.0,40.343864,157.072489603
Hungary,HUN,2024,40017292.0,4.135669,158186244446.0,40.017292,158.186244446
Ireland,IRL,2005,48152990.0,11.588379,210272056411.0,48.15299,210.272056411
Ireland,IRL,2006,47597384.0,11.150127,220760118842.0,47.597384,220.760118842
Ireland,IRL,2007,47658190.0,10.847387,232482742331.0,47.65819,232.482742331
Ireland,IRL,2008,47361076.0,10.557548,222058051543.0,47.361076,222.058051543
Ireland,IRL,2009,42177070.0,9.302911,210742455593.0,42.17707,210.742455593
Ireland,IRL,2010,41790900.0,9.1665125,214289191596.0,41.7909,214.289191596
Ireland,IRL,2011,38054388.0,8.309539,217736818590.0,38.054388,217.73681859
Ireland,IRL,2012,38223920.0,8.309304,216854920423.0,38.22392,216.854920423
Ireland,IRL,2013,37278704.0,8.060807,221610413457.0,37.278704,221.610413457
Ireland,IRL,2014,36849876.0,7.910693,242410308909.0,36.849876,242.410308909
Ireland,IRL,2015,38715396.0,8.2329445,302101388556.0,38.715396,302.101388556
Ireland,IRL,2016,40369024.0,8.492474,305795232417.0,40.369024,305.795232417
Ireland,IRL,2017,39040450.0,8.116082,336707637029.0,39.04045,336.707637029
Ireland,IRL,2018,38922364.0,7.9880743,362595940328.0,38.922364,362.595940328
Ireland,IRL,2019,37199836.0,7.540263,380627401462.0,37.199836,380.627401462
Ireland,IRL,2020,35052570.0,7.0349927,407856325068.0,35.05257,407.856325068
Ireland,IRL,2021,37473684.0,7.4523654,474166373639.0,37.473684,474.166373639
Ireland,IRL,2022,36675670.0,7.177214,509781668505.0,36.67567,509.781668505
Ireland,IRL,2023,33567940.0,6.4595604,496851698334.0,33.56794,496.851698334
Ireland,IRL,2024,33310624.0,6.3388243,509767195342.0,33.310624,509.767195342
Italy,ITA,2005,501365470.0,8.567466,1943213635518.0,501.36547,1943.213635518
Italy,ITA,2006,496074620.0,8.443186,1978181374737.0,496.07462,1978.181374737
Italy,ITA,2007,489793630.0,8.286317,2007108163772.0,489.79363,2007.108163772
Italy,ITA,2008,478131970.0,8.027509,1986572667176.0,478.13197,1986.572667176
Italy,ITA,2009,424032030.0,7.078524,1881181927615.0,424.03203,1881.181927615
Italy,ITA,2010,435672030.0,7.2413816,1909947188308.0,435.67203,1909.947188308
Italy,ITA,2011,423897120.0,7.0218983,1923230167272.0,423.89712,1923.230167272
Italy,ITA,2012,403443520.0,6.665015,1863124632394.0,403.44352,1863.124632394
Italy,ITA,2013,369460540.0,6.0912943,1829252558793.0,369.46054,1829.252558793
Italy,ITA,2014,349388960.0,5.7593956,1829227175768.0,349.38896,1829.227175768
Italy,ITA,2015,361243700.0,5.9635468,1845428048839.0,361.2437,1845.428048839
Italy,ITA,2016,358133150.0,5.9216995,1868241619489.0,358.13315,1868.241619489
Italy,ITA,2017,352666240.0,5.8397813,1898202609462.0,352.66624,1898.202609462
Italy,ITA,2018,349048350.0,5.790691,1913894038926.0,349.04835,1913.894038926
Italy,ITA,2019,339637950.0,5.6483817,1922107755078.0,339.63795,1922.107755078
Italy,ITA,2020,302600100.0,5.0506783,1751650987235.0,302.6001,1751.650987235
Italy,ITA,2021,335930430.0,5.6242104,1908092024820.0,335.93043,1908.09202482
Italy,ITA,2022,340114720.0,5.704794,2000084512919.0,340.11472,2000.084512919
Italy,ITA,2023,312290660.0,5.248631,2018541223675.0,312.29066,2018.541223675
Italy,ITA,2024,301929760.0,5.087886,2034347191418.0,301.92976,2034.347191418
Lithuania,LTU,2005,13862545.0,4.17262,32204827116.0,13.862545,32.204827116
Lithuania,LTU,2006,14195265.0,4.3413134,34586529059.0,14.195265,34.586529059
Lithuania,LTU,2007,15473504.0,4.7885156,38417999935.0,15.473504,38.417999935
Lithuania,LTU,2008,14918791.0,4.664335,39416661070.0,14.918791,39.41666107
Lithuania,LTU,2009,12829125.0,4.055672,33567775753.0,12.829125,33.567775753
Lithuania,LTU,2010,13801892.0,4.4554987,33711177146.0,13.801892,33.711177146
Lithuania,LTU,2011,13959649.0,4.6092105,35842949499.0,13.959649,35.842949499
Lithuania,LTU,2012,14054137.0,4.7030005,37413912227.0,14.054137,37.413912227
Lithuania,LTU,2013,13148174.0,4.4444146,38928020774.0,13.148174,38.928020774
Lithuania,LTU,2014,12845803.0,4.379493,40396597406.0,12.845803,40.396597406
Lithuania,LTU,2015,13045220.0,4.4894176,41540954817.0,13.04522,41.540954817
Lithuania,LTU,2016,13101518.0,4.5664067,42650896790.0,13.101518,42.65089679
Lithuania,LTU,2017,13277398.0,4.6927924,44618059836.0,13.277398,44.618059836
Lithuania,LTU,2018,13414424.0,4.7866178,46812540124.0,13.414424,46.812540124
Lithuania,LTU,2019,13647340.0,4.8826694,49002127329.0,13.64734,49.002127329
Lithuania,LTU,2020,13499604.0,4.8285885,49023107998.0,13.499604,49.023107998
Lithuania,LTU,2021,13778095.0,4.9304504,52158046400.0,13.778095,52.1580464
Lithuania,LTU,2022,12895064.0,4.5777125,53443909218.0,12.895064,53.443909218
Lithuania,LTU,2023,12507402.0,4.3822517,53839146914.0,12.507402,53.839146914
Lithuania,LTU,2024,12541509.0,4.386505,55470578287.0,12.541509,55.470578287
Luxembourg,LUX,2005,12075892.0,25.949068,47086134704.0,12.075892,47.086134704
Luxembourg,LUX,2006,11905623.0,25.177423,49919131984.0,11.905623,49.919131984
Luxembourg,LUX,2007,11302203.0,23.532677,53961843361.0,11.302203,53.961843361
Luxembourg,LUX,2008,11166763.0,22.83615,53798731288.0,11.166763,53.798731288
Luxembourg,LUX,2009,10619787.0,21.316484,52056215834.0,10.619787,52.056215834
Luxembourg,LUX,2010,11190507.0,22.053823,54013740787.0,11.190507,54.013740787
Luxembourg,LUX,2011,11089509.0,21.38425,54577798723.0,11.089509,54.577798723
Luxembourg,LUX,2012,10857971.0,20.450043,55478174860.0,10.857971,55.47817486
Luxembourg,LUX,2013,10323408.0,18.999275,57237767886.0,10.323408,57.237767886
Luxembourg,LUX,2014,9806854.0,17.62919,58739165125.0,9.806854,58.739165125
Luxembourg,LUX,2015,9333977.0,16.388624,60071584216.0,9.333977,60.071584216
Luxembourg,LUX,2016,9077205.0,15.556185,63062062097.0,9.077205,63.062062097
Luxembourg,LUX,2017,9251006.0,15.508656,63892664765.0,9.251006,63.892664765
Luxembourg,LUX,2018,9556162.0,15.714555,64922166578.0,9.556162,64.922166578
Luxembourg,LUX,2019,9749969.0,15.721521,66707085285.0,9.749969,66.707085285
Luxembourg,LUX,2020,8069083.0,12.795942,66366844706.0,8.069083,66.366844706
Luxembourg,LUX,2021,8409505.0,13.134188,70965889651.0,8.409505,70.965889651
Luxembourg,LUX,2022,7274379.0,11.134566,70187101063.0,7.274379,70.187101063
Luxembourg,LUX,2023,6840733.0,10.2852545,70256893052.0,6.840733,70.256893052
Luxembourg,LUX,2024,7039783.0,10.459649,70508844109.0,7.039783,70.508844109
Latvia,LVA,2005,7810764.0,3.48728,22625890637.0,7.810764,22.625890637
Latvia,LVA,2006,8310115.0,3.7449162,25527665150.0,8.310115,25.52766515
Latvia,LVA,2007,8637233.0,3.9246342,28186253353.0,8.637233,28.186253353
Latvia,LVA,2008,8198058.0,3.7645316,27231101091.0,8.198058,27.231101091
Latvia,LVA,2009,7456196.0,3.480879,22863227157.0,7.456196,22.863227157
Latvia,LVA,2010,8554521.0,4.0777874,22026145287.0,8.554521,22.026145287
Latvia,LVA,2011,7808430.0,3.7906103,22694935010.0,7.80843,22.69493501
Latvia,LVA,2012,7519718.0,3.6958487,24352854611.0,7.519718,24.352854611
Latvia,LVA,2013,7368746.0,3.660572,24863312429.0,7.368746,24.863312429
Latvia,LVA,2014,7172200.0,3.5966146,25384188823.0,7.1722,25.384188823
Latvia,LVA,2015,7262421.0,3.671832,26344565876.0,7.262421,26.344565876
Latvia,LVA,2016,7210682.0,3.6791766,27016796481.0,7.210682,27.016796481
Latvia,LVA,2017,7215320.0,3.714261,27935083541.0,7.21532,27.935083541
Latvia,LVA,2018,7843189.0,4.0689178,29139005429.0,7.843189,29.139005429
Latvia,LVA,2019,7633452.0,3.9876633,29335802338.0,7.633452,29.335802338
Latvia,LVA,2020,6999268.0,3.681657,28318076614.0,6.999268,28.318076614
Latvia,LVA,2021,7218349.0,3.8281586,30284070900.0,7.218349,30.2840709
Latvia,LVA,2022,6607997.0,3.5129132,30862052747.0,6.607997,30.862052747
Latvia,LVA,2023,6589883.0,3.5007896,30571453786.0,6.589883,30.571453786
Latvia,LVA,2024,6461889.0,3.4520962,30560125330.0,6.461889,30.56012533
Malta,MLT,2005,2649810.0,6.4109755,7318788654.0,2.64981,7.318788654
Malta,MLT,2006,2655351.0,6.3913054,7489769368.0,2.655351,7.489769368
Malta,MLT,2007,2727800.0,6.5383353,7866984246.0,2.7278,7.866984246
Malta,MLT,2008,2721287.0,6.4951987,8213965209.0,2.721287,8.213965209
Malta,MLT,2009,2560864.0,6.0857034,8099359895.0,2.560864,8.099359895
Malta,MLT,2010,2619259.0,6.1971707,8601305558.0,2.619259,8.601305558
Malta,MLT,2011,2608196.0,6.1422067,8686647864.0,2.608196,8.686647864
Malta,MLT,2012,2749059.0,6.4438725,9042945893.0,2.749059,9.042945893
Malta,MLT,2013,2429647.0,5.6706905,9611958233.0,2.429647,9.611958233
Malta,MLT,2014,2417320.0,5.563529,10345481640.0,2.41732,10.34548164
Malta,MLT,2015,1697468.0,3.8147235,11340789705.0,1.697468,11.340789705
Malta,MLT,2016,1375879.0,3.0220766,11803267588.0,1.375879,11.803267588
Malta,MLT,2017,1537206.0,3.2853162,13334309857.0,1.537206,13.334309857
Malta,MLT,2018,1547703.0,3.194038,14292941962.0,1.547703,14.292941962
Malta,MLT,2019,1649196.0,3.272104,14876816607.0,1.649196,14.876816607
Malta,MLT,2020,1600889.0,3.089255,14362483056.0,1.600889,14.362483056
Malta,MLT,2021,1611409.0,3.072962,16280015568.0,1.611409,16.280015568
Malta,MLT,2022,1774245.0,3.3590784,16702118564.0,1.774245,16.702118564
Malta,MLT,2023,1768002.0,3.317301,18478231172.0,1.768002,18.478231172
Malta,MLT,2024,1728766.0,3.2037206,19626239322.0,1.728766,19.626239322
Netherlands,NLD,2005,178129760.0,10.818227,692147602470.0,178.12976,692.14760247
Netherlands,NLD,2006,173279360.0,10.505694,716630910947.0,173.27936,716.630910947
Netherlands,NLD,2007,173028180.0,10.466663,744475056649.0,173.02818,744.475056649
Netherlands,NLD,2008,175903660.0,10.598356,760233696247.0,175.90366,760.233696247
Netherlands,NLD,2009,170433400.0,10.21529,732368991449.0,170.4334,732.368991449
Netherlands,NLD,2010,182478750.0,10.880462,742031522823.0,182.47875,742.031522823
Netherlands,NLD,2011,169346110.0,10.049582,755189991605.0,169.34611,755.189991605
Netherlands,NLD,2012,165751870.0,9.798995,747805546601.0,165.75187,747.805546601
Netherlands,NLD,2013,164925380.0,9.720324,747579402588.0,164.92538,747.579402588
Netherlands,NLD,2014,157502820.0,9.248505,759634560414.0,157.50282,759.634560414
Netherlands,NLD,2015,163958100.0,9.584029,775743675302.0,163.9581,775.743675302
Netherlands,NLD,2016,164811760.0,9.579465,794549879151.0,164.81176,794.549879151
Netherlands,NLD,2017,162295740.0,9.372927,816650350359.0,162.29574,816.650350359
Netherlands,NLD,2018,158264260.0,9.084534,835096289734.0,158.26426,835.096289734
Netherlands,NLD,2019,152727100.0,8.708599,854304853959.0,152.7271,854.304853959
Netherlands,NLD,2020,136974140.0,7.7664127,821260366624.0,136.97414,821.260366624
Netherlands,NLD,2021,139885680.0,7.889522,872809532457.0,139.88568,872.809532457
Netherlands,NLD,2022,127503144.0,7.1213217,916513152781.0,127.503144,916.513152781
Netherlands,NLD,2023,117016380.0,6.4676642,911031844894.0,117.01638,911.031844894
Netherlands,NLD,2024,114784730.0,6.29691,920814790664.0,114.78473,920.814790664
Poland,POL,2005,322576860.0,8.461171,328168510412.0,322.57686,328.168510412
Poland,POL,2006,336387230.0,8.835748,348521872927.0,336.38723,348.521872927
Poland,POL,2007,335734660.0,8.830378,372083512402.0,335.73466,372.083512402
Poland,POL,2008,329428450.0,8.670105,388394800371.0,329.42845,388.394800371
Poland,POL,2009,315886300.0,8.312326,398551823849.0,315.8863,398.551823849
Poland,POL,2010,334027520.0,8.768195,411181642127.0,334.02752,411.181642127
Poland,POL,2011,333406080.0,8.725933,432791139408.0,333.40608,432.791139408
Poland,POL,2012,325777700.0,8.517539,439333996551.0,325.7777,439.333996551
Poland,POL,2013,321757150.0,8.409914,442340098156.0,321.75715,442.340098156
Poland,POL,2014,309415360.0,8.086096,459682079851.0,309.41536,459.682079851
Poland,POL,2015,312548860.0,8.167728,480054118583.0,312.54886,480.054118583
Poland,POL,2016,323300480.0,8.449371,494605411858.0,323.30048,494.605411858
Poland,POL,2017,336505100.0,8.796377,520089746650.0,336.5051,520.08974665
Poland,POL,2018,335718620.0,8.779007,552573816155.0,335.71862,552.573816155
Poland,POL,2019,317444060.0,8.304427,577884228677.0,317.44406,577.884228677
Poland,POL,2020,302102430.0,7.914448,566120997479.0,302.10243,566.120997479
Poland,POL,2021,330693730.0,8.693247,605337233054.0,330.69373,605.337233054
Poland,POL,2022,314891970.0,8.20336,637150470884.0,314.89197,637.150470884
Poland,POL,2023,283243460.0,7.307086,638740867489.0,283.24346,638.740867489
Poland,POL,2024,272861820.0,7.0801096,658084600079.0,272.86182,658.084600079
Portugal,PRT,2005,69639784.0,6.6304703,202207110531.0,69.639784,202.207110531
Portugal,PRT,2006,64856124.0,6.162616,205493047516.0,64.856124,205.493047516
Portugal,PRT,2007,62380100.0,5.9145875,210643893867.0,62.3801,210.643893867
Portugal,PRT,2008,60009650.0,5.680534,211316368904.0,60.00965,211.316368904
Portugal,PRT,2009,57147000.0,5.403325,204718906458.0,57.147,204.718906458
Portugal,PRT,2010,52889936.0,4.9996824,208276152407.0,52.889936,208.276152407
Portugal,PRT,2011,51783668.0,4.9051266,204707283345.0,51.783668,204.707283345
Portugal,PRT,2012,49931980.0,4.7494764,196414790526.0,49.93198,196.414790526
Portugal,PRT,2013,48146200.0,4.603641,194481859660.0,48.1462,194.48185966
Portugal,PRT,2014,47942332.0,4.607092,195923731482.0,47.942332,195.923731482
Portugal,PRT,2015,52233050.0,5.03681,199038523119.0,52.23305,199.038523119
Portugal,PRT,2016,50310916.0,4.8626604,203027536357.0,50.310916,203.027536357
Portugal,PRT,2017,55165156.0,5.339853,209757330876.0,55.165156,209.757330876
Portugal,PRT,2018,51340276.0,4.972253,215937376369.0,51.340276,215.937376369
Portugal,PRT,2019,47583050.0,4.6004105,221866335067.0,47.58305,221.866335067
Portugal,PRT,2020,41738144.0,4.024692,203663019645.0,41.738144,203.663019645
Portugal,PRT,2021,40299850.0,3.8783576,214984151437.0,40.29985,214.984151437
Portugal,PRT,2022,40722496.0,3.9092069,230002603240.0,40.722496,230.00260324
Portugal,PRT,2023,37622040.0,3.6068447,237132655096.0,37.62204,237.132655096
Portugal,PRT,2024,35538852.0,3.4089074,242384176671.0,35.538852,242.384176671
Romania,ROU,2005,101336590.0,4.7770095,134912890211.0,101.33659,134.912890211
Romania,ROU,2006,104290000.0,4.9577546,145744791283.0,104.29,145.744791283
Romania,ROU,2007,108496600.0,5.198509,156287689281.0,108.4966,156.287689281
Romania,ROU,2008,106997310.0,5.1642756,170834114652.0,106.99731,170.834114652
Romania,ROU,2009,87805750.0,4.2671957,161409698529.0,87.80575,161.409698529
Romania,ROU,2010,84487900.0,4.134961,155105339843.0,84.4879,155.105339843
Romania,ROU,2011,92390700.0,4.5553036,162078238594.0,92.3907,162.078238594
Romania,ROU,2012,89847710.0,4.457074,165163587446.0,89.84771,165.163587446
Romania,ROU,2013,78795464.0,3.927419,165624017079.0,78.795464,165.624017079
Romania,ROU,2014,79335350.0,3.973089,172441103432.0,79.33535,172.441103432
Romania,ROU,2015,78045990.0,3.9276292,177885131240.0,78.04599,177.88513124
Romania,ROU,2016,76586910.0,3.8725147,182972525962.0,76.58691,182.972525962
Romania,ROU,2017,79432344.0,4.0342684,197967999561.0,79.432344,197.967999561
Romania,ROU,2018,79874424.0,4.075668,208647427408.0,79.874424,208.647427408
Romania,ROU,2019,76690350.0,3.9325275,216910469745.0,76.69035,216.910469745
Romania,ROU,2020,73946380.0,3.81315,209105975817.0,73.94638,209.105975817
Romania,ROU,2021,77501260.0,4.026425,220789460074.0,77.50126,220.789460074
Romania,ROU,2022,73186024.0,3.8183794,230035489109.0,73.186024,230.035489109
Romania,ROU,2023,67866024.0,3.54976,235229078939.0,67.866024,235.229078939
Romania,ROU,2024,68551400.0,3.605104,237383786157.0,68.5514,237.383786157
Slovakia,SVK,2005,42857268.0,7.9709287,61315329710.0,42.857268,61.31532971
Slovakia,SVK,2006,42639350.0,7.9301777,66788144152.0,42.63935,66.788144152
Slovakia,SVK,2007,41031852.0,7.6310034,74013706023.0,41.031852,74.013706023
Slovakia,SVK,2008,41425300.0,7.7011194,77983340266.0,41.4253,77.983340266
Slovakia,SVK,2009,37681124.0,6.997327,73690093871.0,37.681124,73.690093871
Slovakia,SVK,2010,38464356.0,7.133786,78694079820.0,38.464356,78.69407982
Slovakia,SVK,2011,38045108.0,7.0478635,80710556384.0,38.045108,80.710556384
Slovakia,SVK,2012,35961410.0,6.653511,81977043067.0,35.96141,81.977043067
Slovakia,SVK,2013,35621708.0,6.5839057,82553606913.0,35.621708,82.553606913
Slovakia,SVK,2014,33708172.0,6.224689,84789118561.0,33.708172,84.789118561
Slovakia,SVK,2015,34527856.0,6.3701262,89178548717.0,34.527856,89.178548717
Slovakia,SVK,2016,34977550.0,6.444788,90915584911.0,34.97755,90.915584911
Slovakia,SVK,2017,36183944.0,6.6567197,93529165482.0,36.183944,93.529165482
Slovakia,SVK,2018,36184068.0,6.647537,97328432250.0,36.184068,97.32843225
Slovakia,SVK,2019,33853190.0,6.2108803,99543529164.0,33.85319,99.543529164
Slovakia,SVK,2020,31176160.0,5.7151237,96969818857.0,31.17616,96.969818857
Slovakia,SVK,2021,35251324.0,6.47673,102454294896.0,35.251324,102.454294896
Slovakia,SVK,2022,31589464.0,5.771668,103012252413.0,31.589464,103.012252413
Slovakia,SVK,2023,30766244.0,5.5755577,105188526684.0,30.766244,105.188526684
Slovakia,SVK,2024,29090958.0,5.282773,107227789781.0,29.090958,107.227789781
Slovenia,SVN,2005,16941976.0,8.484075,38213609800.0,16.941976,38.2136098
Slovenia,SVN,2006,17184160.0,8.578714,40471568430.0,17.18416,40.47156843
Slovenia,SVN,2007,17349082.0,8.613562,43360927307.0,17.349082,43.360927307
Slovenia,SVN,2008,18284604.0,9.029033,44823161262.0,18.284604,44.823161262
Slovenia,SVN,2009,16209410.0,7.962925,41420820595.0,16.20941,41.420820595
Slovenia,SVN,2010,16465506.0,8.053124,41881476947.0,16.465506,41.881476947
Slovenia,SVN,2011,16364208.0,7.9871964,42155984116.0,16.364208,42.155984116
Slovenia,SVN,2012,15765101.0,7.677851,40926910455.0,15.765101,40.926910455
Slovenia,SVN,2013,15136785.0,7.3606315,40589764218.0,15.136785,40.589764218
Slovenia,SVN,2014,13568340.0,6.5917087,41711191731.0,13.56834,41.711191731
Slovenia,SVN,2015,13658673.0,6.6305976,42709468274.0,13.658673,42.709468274
Slovenia,SVN,2016,14468012.0,7.0186086,44005450729.0,14.468012,44.005450729
Slovenia,SVN,2017,14637193.0,7.097131,46282469720.0,14.637193,46.28246972
Slovenia,SVN,2018,14563352.0,7.03719,48309217703.0,14.563352,48.309217703
Slovenia,SVN,2019,14053007.0,6.7451043,50002578162.0,14.053007,50.002578162
Slovenia,SVN,2020,12872991.0,6.1229367,47959972369.0,12.872991,47.959972369
Slovenia,SVN,2021,13076158.0,6.186983,51996698295.0,13.076158,51.996698295
Slovenia,SVN,2022,12727840.0,6.017234,53384233078.0,12.72784,53.384233078
Slovenia,SVN,2023,12012164.0,5.6704106,54652553125.0,12.012164,54.652553125
Slovenia,SVN,2024,12751194.0,6.0184274,55598805913.0,12.751194,55.598805913
Sweden,SWE,2005,53787480.0,5.9566827,417073066879.0,53.78748,417.073066879
Sweden,SWE,2006,53650844.0,5.9082747,436575715827.0,53.650844,436.575715827
Sweden,SWE,2007,52878800.0,5.7801905,450654706998.0,52.8788,450.654706998
Sweden,SWE,2008,50765440.0,5.506071,446494653686.0,50.76544,446.494653686
Sweden,SWE,2009,47143308.0,5.069861,427493565399.0,47.143308,427.493565399
Sweden,SWE,2010,53028584.0,5.654432,452077714777.0,53.028584,452.077714777
Sweden,SWE,2011,49113770.0,5.1976295,466380936831.0,49.11377,466.380936831
Sweden,SWE,2012,46606916.0,4.8959537,464448264944.0,46.606916,464.448264944
Sweden,SWE,2013,45105884.0,4.698226,469732138276.0,45.105884,469.732138276
Sweden,SWE,2014,43384748.0,4.4742975,480516119003.0,43.384748,480.516119003
Sweden,SWE,2015,43310144.0,4.419636,501602351911.0,43.310144,501.602351911
Sweden,SWE,2016,43308376.0,4.3643203,512292396637.0,43.308376,512.292396637
Sweden,SWE,2017,42355424.0,4.211175,521937949816.0,42.355424,521.937949816
Sweden,SWE,2018,41856004.0,4.1134505,531177584320.0,41.856004,531.17758432
Sweden,SWE,2019,40772480.0,3.9665341,545031918111.0,40.77248,545.031918111
Sweden,SWE,2020,36622220.0,3.5371203,534492107010.0,36.62222,534.49210701
Sweden,SWE,2021,38567984.0,3.7027159,562423939232.0,38.567984,562.423939232
Sweden,SWE,2022,36342156.0,3.4653375,569484812988.0,36.342156,569.484812988
Sweden,SWE,2023,36708596.0,3.4789953,568322714847.0,36.708596,568.322714847
Sweden,SWE,2024,38096652.0,3.5916543,574107082599.0,38.096652,574.107082599
